code,country,g_2009,g_2010,F_u_pre_proxy,F_u_post_proxy_2011_2013,F_u_post_proxy_2011_2012,Delta_Fu_post_minus_pre,Fu_retention_ratio,A_g_rebound_2010_minus_2009,D_C_frac_2008_2015,R_buffer_2009,Z1_Hc60,Sigma_socx_gdp,H_household_debt_gdp,H_frag_60,gdp_growth_2009,archetype,Z1_trueH_Hc50,Z1_trueH_Hc60,Z1_trueH_Hc70,Z1_trueH_Hc80,Z1_trueH_Hc90,Z1_trueH_Hc100,Z1_Hc50,Z1_Hc70,Z1_Hc80,Z1_Hc90,Z1_Hc100
AUT,Austria,-3.58626472551299,1.80898243043663,2.9825452964247123,1.1016626059508776,1.7778571205855431,-1.8808826904738347,0.3693699496438433,5.39524715594962,0.2692565756295236,4.436916597519243,,,,,-3.58626472551299,externally shocked but consumption-buffered,,,,,,,,,,,
BEL,Belgium,-1.90644105515335,2.71031150254662,3.030552536731043,0.8174843950910753,1.073479318101497,-2.213068141639968,0.2697476401359036,4.61675255769997,0.0025154932315416,2.49096363841886,,,,,-1.90644105515335,mixed / unresolved,,,,,,,,,,,
CAN,Canada,-2.91508621550267,3.09080634469335,2.74766665522487,2.4062230870742534,2.446427856579235,-0.3414435681506167,0.8757332635305891,6.0058925601960205,0.393083565114154,3.000064619982298,0.2249605683646253,18.0,85.0,25.0,-2.91508621550267,fragile-fast / threshold-prone,0.1999688435332593,0.2249605683646253,0.2570913558880776,0.2999299034097387,0.3110741215856829,0.3110741215856829,0.1999688435332593,0.2570913558880776,0.2999299034097387,0.3110741215856829,0.3110741215856829
CHE,Switzerland,-2.29737452570922,3.24339715656356,3.360353106447595,1.59483538808742,1.496181078550545,-1.7655177183601751,0.4746035126568599,5.54077168227278,0.0033781689894758,3.84986321926604,,,,,-2.29737452570922,externally shocked but consumption-buffered,,,,,,,,,,,
DEU,Germany,-5.54455451920674,4.13463778522758,2.2008429916647336,1.5394921551272394,2.110740440801287,-0.6613508365374943,0.6995011279576815,9.67919230443432,0.0,5.458524111885167,0.4252041745393677,25.9,60.0,0.0,-5.54455451920674,balanced / buffered,0.3702014226983167,0.4252041745393677,0.4252041745393677,0.4252041745393677,0.4252041745393677,0.4252041745393677,0.3702014226983167,0.4252041745393677,0.4252041745393677,0.4252041745393677,0.4252041745393677
DNK,Denmark,-4.97447905669058,1.58289703108802,2.4849055380981646,0.8993482969878676,0.6526857296719463,-1.5855572411102972,0.3619245412749928,6.5573760877786,0.9645980428801794,1.5423642861081497,0.2093035711389287,28.3,125.0,65.0,-4.97447905669058,debt-fragile leveraged,0.1948897477527072,0.2093035711389287,0.2260197326939498,0.2456377460131883,0.2689850542991526,0.2972367283308784,0.1948897477527072,0.2260197326939498,0.2456377460131883,0.2689850542991526,0.2972367283308784
ESP,Spain,-3.76813306940053,0.0941223116369514,3.5606730880598274,-1.6441188568246947,-1.752517161448912,-5.204791944884522,-0.4617438377979702,3.862255381037481,1.3218855248805128,0.1754288775933701,0.3251949765946852,24.7,85.0,25.0,-3.76813306940053,fragile-fast / threshold-prone,0.287361561148564,0.3251949765946852,0.3745009842030203,0.4414306205864043,0.4625084229945736,0.4625084229945736,0.287361561148564,0.3745009842030203,0.4414306205864043,0.4625084229945736,0.4625084229945736
FIN,Finland,-8.07603116552393,3.1682879121621,4.02876593501427,-0.037395533796076,0.4337772117806949,-4.066161468810346,-0.0092821311536292,11.24431907768603,0.8996610926230394,5.154598815426329,0.419319498842799,29.1,65.0,5.0,-8.07603116552393,balanced / buffered,0.4080021360058983,0.419319498842799,0.419319498842799,0.419319498842799,0.419319498842799,0.419319498842799,0.4080021360058983,0.419319498842799,0.419319498842799,0.419319498842799,0.419319498842799
FRA,France,-2.82455153714783,2.00032476039051,2.50034068429155,1.1343894161646944,1.3107059011315416,-1.3659512681268555,0.4536939399064787,4.82487629753834,0.3859187989552204,3.129367082386171,0.594643529513033,31.0,50.0,0.0,-2.82455153714783,stable-sluggish candidate,0.594643529513033,0.594643529513033,0.594643529513033,0.594643529513033,0.594643529513033,0.594643529513033,0.594643529513033,0.594643529513033,0.594643529513033,0.594643529513033,0.594643529513033
GBR,United Kingdom,-4.58740819226323,2.26054460931586,2.55935147767732,1.3660558997744954,1.189849043119423,-1.1932955779028245,0.5337508004231711,6.8479528015790905,0.9214186127355533,1.70084055886753,0.2557670205267736,20.6,100.0,40.0,-4.58740819226323,debt-fragile leveraged,0.2275185964800996,0.2557670205267736,0.2920244049850948,0.3402593768633009,0.4075814148414657,0.4498597523743065,0.2275185964800996,0.2920244049850948,0.3402593768633009,0.4075814148414657,0.4498597523743065
IRL,Ireland,-5.09578277913846,1.68297175486512,5.706473471707155,1.1322582158608567,0.6019185362898349,-4.5742152558462985,0.1984164513292881,6.77875453400358,1.393471081219964,-0.22810180764976,0.1366739109151789,21.0,105.0,45.0,-5.09578277913846,debt-fragile leveraged,0.1283223323351761,0.1366739109151789,0.1461882539622667,0.1571263628357935,0.1698336709312602,0.1847771891905927,0.1283223323351761,0.1461882539622667,0.1571263628357935,0.1698336709312602,0.1847771891905927
ITA,Italy,-5.30515401233991,1.52910573247101,1.3745510897535351,-1.4159335752959012,-1.214887809194892,-2.7904846650494366,-1.0301061821934796,6.83425974481092,0.5770037460425977,3.8033401780180704,0.5837928259515915,28.2,40.0,0.0,-5.30515401233991,stable-sluggish candidate,0.5837928259515915,0.5837928259515915,0.5837928259515915,0.5837928259515915,0.5837928259515915,0.5837928259515915,0.5837928259515915,0.5837928259515915,0.5837928259515915,0.5837928259515915,0.5837928259515915
JPN,Japan,-5.69323635892741,4.09791791943181,1.7115840264273026,1.1345535665547974,0.6992802614261412,-0.5770304598725051,0.6628675829155889,9.79115427835922,0.2870491293610972,4.778140548744022,0.5243559963078256,22.3,65.0,5.0,-5.69323635892741,balanced / buffered,0.4300589291607942,0.5243559963078256,0.5243559963078256,0.5243559963078256,0.5243559963078256,0.5243559963078256,0.4300589291607942,0.5243559963078256,0.5243559963078256,0.5243559963078256,0.5243559963078256
NLD,Netherlands,-3.66529049145096,1.31932032302214,2.8682387172462027,0.2550785749641792,0.397734142473249,-2.613160142282024,0.0889321287766034,4.9846108144731005,0.335616160580499,1.7799222937832402,0.1458747044596915,21.5,115.0,55.0,-3.66529049145096,debt-fragile leveraged,0.1366061544992483,0.1458747044596915,0.1564925183501476,0.1687773522547102,0.1831552388928064,0.2002109019513373,0.1366061544992483,0.1564925183501476,0.1687773522547102,0.1831552388928064,0.2002109019513373
SWE,Sweden,-4.25561384207619,5.75076477579255,3.718416262894885,1.2957182298763703,1.3747439858074255,-2.4226980330185146,0.3484597038814636,10.00637861786874,0.3243995837612199,5.29364789448842,0.3184136190472925,25.5,80.0,20.0,-4.25561384207619,balanced / buffered,0.2830675196836767,0.3184136190472925,0.349269547607606,0.349269547607606,0.349269547607606,0.349269547607606,0.2830675196836767,0.349269547607606,0.349269547607606,0.349269547607606,0.349269547607606
USA,United States,-2.57650022958367,2.69519257744442,3.029929891370435,1.99045011407802,1.926760122166745,-1.039479777292415,0.6569294292079283,5.27169280702809,0.745652531831263,1.27100430447359,0.2635238247626743,18.7,95.0,35.0,-2.57650022958367,fragile-fast / threshold-prone,0.2309744782723563,0.2635238247626743,0.3067518584478234,0.3669449270720811,0.4565281911381424,0.5555336732600122,0.2309744782723563,0.3067518584478234,0.3669449270720811,0.4565281911381424,0.5555336732600122
